<?xml version="1.0" encoding="UTF-8"?>
<!--
  ~ Hibernate, Relational Persistence for Idiomatic Java
  ~
  ~  Copyright (c) 2010, Red Hat, Inc. and/or its affiliates or third-party contributors as
  ~  indicated by the @author tags or express copyright attribution
  ~  statements applied by the authors.  All third-party contributions are
  ~  distributed under license by Red Hat, Inc.
  ~
  ~  This copyrighted material is made available to anyone wishing to use, modify,
  ~  copy, or redistribute it subject to the terms and conditions of the GNU
  ~  Lesser General Public License, as published by the Free Software Foundation.
  ~
  ~  This program is distributed in the hope that it will be useful,
  ~  but WITHOUT ANY WARRANTY; without even the implied warranty of MERCHANTABILITY
  ~  or FITNESS FOR A PARTICULAR PURPOSE.  See the GNU Lesser General Public License
  ~  for more details.
  ~
  ~  You should have received a copy of the GNU Lesser General Public License
  ~  along with this distribution; if not, write to:
  ~  Free Software Foundation, Inc.
  ~  51 Franklin Street, Fifth Floor
  ~  Boston, MA  02110-1301  USA
  -->
<!DOCTYPE book PUBLIC "-//OASIS//DTD DocBook XML V4.5//EN"
"http://www.oasis-open.org/docbook/xml/4.5/docbookx.dtd" [
<!ENTITY % BOOK_ENTITIES SYSTEM "../hsearch.ent">
%BOOK_ENTITIES;
]>
<chapter id="spatial">
  <title>Spatial</title>

  <para>With the Spatial extensions you can combine fulltext queries
  with restrictions based on distance from a point in space, filter
  results based on distances from coordinates or sort results
  on such a distance criteria.</para>

  <para>The spatial support of Hibernate Search has a few goals:</para>

  <itemizedlist>
    <listitem>
      <para>Enable spatial search on entities: find entities within x km
      from a location (latitude, longitude) on Earth</para>
    </listitem>

    <listitem>
      <para>Provide an easy way to enable spatial indexing via expressive
      annotations</para>
    </listitem>

    <listitem>
      <para>Provide a simple way for querying</para>
    </listitem>

    <listitem>
      <para>Hide geographical complexity</para>
    </listitem>
  </itemizedlist>

  <para>For example, you might search for that Italian place named
  approximately "Il Ciociaro" and is somewhere in the 2 km area around
  your office.</para>

  <para>To be able to filter an <classname>@Indexed</classname> <classname>@Entity</classname>
  on a distance criteria you need to add the <classname>@Spatial</classname>
  annotation (<classname>org.hibernate.search.annotations.Spatial</classname>)
  and specify one or more sets of coordinates.</para>

  <section id="spatial-indexing">
    <title>Enable indexing of Spatial Coordinates</title>

    <para>There are different techniques to index point coordinates,
    in particular Hibernate Search Spatial offers a choice between
    two strategies:</para>

    <itemizedlist>
      <listitem>
        <para>as numbers formatted for range queries</para>
      </listitem>

      <listitem>
        <para>in Quad-Tree labels for two stage spatial queries</para>
      </listitem>
    </itemizedlist>

    <para>We will now describe both methods so you can make a suitable choice; of
    course you can pick different strategies for each set of coordinates.
    These strategies are selected by specifying <literal>spatialMode</literal>,
    an attribute of the <classname>@Spatial</classname> annotation.</para>

    <section id="spatial-indexing-range">
      <title>Indexing coordinates for Double Range Queries</title>

    <para>When setting the <classname>@Spatial</classname>.<methodname>spatialMode</methodname>
    attribute to <classname>SpatialMode</classname>.<methodname>RANGE</methodname>
    (which is the default) coordinates are indexed as numeric fields,
    so that range queries can be performed to narrow down the initial area
    of interest.</para>

      <para>Pros:</para>

      <itemizedlist>
        <listitem>
          <para>Is quick on small data sets (&lt; 100k entities)</para>
        </listitem>

        <listitem>
          <para>Is very simple: straightforward to debug/analyze</para>
        </listitem>

        <listitem>
          <para>Impact on index size is moderate</para>
        </listitem>
      </itemizedlist>

      <para>Cons:</para>

      <itemizedlist>
        <listitem>
          <para>Poor performance on large data sets</para>
        </listitem>

        <listitem>
          <para>Poor performance if your data set is distributed across the whole
          world (for example when indexing points of interest in the United States,
          in Europe and in Asia, large areas collide because they share the same latitude.
          The latitude range query returns large amounts of data that need to be cross
          checked with those returned by the longitude range).</para>
        </listitem>
      </itemizedlist>

    <para>To index your entities for range querying you have to:</para>

    <itemizedlist>
      <listitem>
        <para>add the <classname>@Spatial</classname> annotation on your entity</para>
      </listitem>

      <listitem>
        <para>add the <classname>@Latitude</classname> and
        <classname>@Longitude</classname> annotations on your properties representing
        the coordinates; these must be of type <classname>Double</classname></para>
      </listitem>
    </itemizedlist>

    <example>
      <title>Sample Spatial indexing: Hotel class</title>

      <programlisting language="JAVA" role="JAVA">import org.hibernate.search.annotations.*;

@Spatial @Indexed @Entity
public class Hotel {

  @Latitude
  Double latitude

  @Longitude
  Double longitude
  [..]</programlisting>
    </example>
  </section>

    <section id="spatial-indexing-quadtree">
      <title>Indexing coordinates in a Grid with Quad Trees</title>

    <para>When setting <classname>@Spatial</classname>.<methodname>spatialMode</methodname>
    to <classname>SpatialMode</classname>.<methodname>GRID</methodname>
    the coordinates are encoded in several fields representing different
    zoom levels. Each box for each level is labelled so coordinates are assigned
    matching labels for each zoom level. This results in a tree encoding of
    labels called <literal>quad tree</literal>.</para>

      <para>Pros :</para>

      <itemizedlist>
        <listitem>
          <para>Good performance even with large data sets</para>
        </listitem>

        <listitem>
          <para>World wide data distribution independent</para>
        </listitem>
      </itemizedlist>

      <para>Cons :</para>

      <itemizedlist>
        <listitem>
          <para>Index size is larger: need to encode multiple labels per
          pair of coordinates</para>
        </listitem>
      </itemizedlist>

  <para>To index your entities you have to:</para>

    <itemizedlist>
      <listitem>
        <para>add the <classname>@Spatial</classname> annotation on the
        entity with the <classname>SpatialMode</classname> set to GRID :
        <code>@Spatial(spatialMode = SpatialMode.GRID)</code></para>
      </listitem>

      <listitem>
        <para>add the <classname>@Latitude</classname> and
        <classname>@Longitude</classname> annotations on the properties
        representing your coordinates; these must be of type
        <classname>Double</classname></para>
      </listitem>
    </itemizedlist>

    <example>
      <title>Indexing coordinates in a Grid using Quad Trees</title>

      <programlisting language="JAVA" role="JAVA">@Spatial(spatialMode = SpatialMode.GRID)
@Indexed
@Entity
public class Hotel {

  @Latitude
  Double latitude;

  @Longitude
  Double longitude;

  [...]
</programlisting>
    </example>
    </section>

    <section id="spatial-coordinatesinterface">
    <title>Implementing the Coordinates interface</title>

    <para>Instead of using the <literal>@</literal><classname>Latitude</classname>
    and <literal>@</literal><classname>Longitue</classname> annotations
    you can choose to implement the <classname>org.hibernate.search.spatial.Coordinates</classname>
    interface.</para>

<example>
      <title>Implementing the Coordinates interface</title>

      <programlisting language="JAVA" role="JAVA">import org.hibernate.search.annotations.*;
import org.hibernate.search.spatial.Coordinates;

@Spatial @Indexed @Entity
public class Song implements Coordinates {

  @Id long id;
  double latitude;
  double longitude;
  [...]

  @Override
  Double getLatitude() {
    return latitude;
  }

  @Override
  Double getLongitude() {
    return longitude;
  }

  [...]
</programlisting>
    </example>

  <para>As we will see in the section <xref linkend="spatial-multiplecoordinates"/>,
   a <literal>@</literal><classname>Spatial</classname>
   <literal>@</literal><classname>Indexed</classname> <literal>@</literal><classname>Entity</classname>
   can have multiple <literal>@</literal><classname>Spatial</classname> annotations;
   when having the entity implement <classname>Coordinates</classname>, the implemented
   methods refer to the default Spatial name: the default pair of coordinates.</para>

  <para>An alternative is to use properties implementing the <classname>Coordinates</classname>
  interface; this way you can have multiple Spatial instances:</para>

<example>
      <title>Using attributes of type Coordinates</title>

      <programlisting language="JAVA" role="JAVA">@Indexed @Entity
public class Event {
  @Id
  Integer id;

  @Field(store = Store.YES)
  String name;

  double latitude;
  double longitude;

  @Spatial(spatialMode = SpatialMode.GRID)
  public Coordinates getLocation() {
    return new Coordinates() {
      @Override
      public Double getLatitude() {
        return latitude;
      }

      @Override
      public Double getLongitude() {
        return longitude;
      }
    };
  }

  [...]
</programlisting>
    </example>
    <para>When using this form the <literal>@</literal><classname>Spatial</classname>
    <literal>.name</literal> automatically defaults to the propery name.</para>
  </section>
   </section>

  <section id="spatial-queries">
    <title>Performing Spatial Queries</title>

  <para>The Hibernate Search DSL has been extended to support the spatial
  feature. You can build a query to search around a pair of coordinates
  (latitude,longitude) or around a bean implementing the <classname>Coordinates</classname>
  interface.</para>
  <para>As with any fulltext queries, also for Spatial queries you:</para>

    <itemizedlist>
      <listitem>
        <para>retrieve a <classname>QueryBuilder</classname> from the
        <classname>SearchFactory</classname> as a starting point</para>
      </listitem>

      <listitem>
        <para>use the DSL to build a spatial query with your search center and
        radius</para>
      </listitem>

      <listitem>
        <para>optionally combine the resulting Query with other filters</para>
      </listitem>

      <listitem>
        <para>call the <methodname>createFullTextQuery()</methodname> and use
        run it as any standard Hibernate or JPA <classname>Query</classname></para>
      </listitem>
    </itemizedlist>

    <example id="spatial-example-firstquery">
      <title>Search for an Hotel by distance</title>

      <programlisting language="JAVA" role="JAVA">QueryBuilder builder = fullTextSession.getSearchFactory()
  .buildQueryBuilder().forEntity( Hotel.class ).get();

org.apache.lucene.search.Query luceneQuery = builder.spatial()
  .onDefaultCoordinates()
  .within( radius, Unit.KM )
  .ofLatitude( centerLatitude )
  .andLongitude( centerLongitude )
  .createQuery();

org.hibernate.Query hibQuery = fullTextSession.createFullTextQuery( luceneQuery,
   Hotel.class );
List results = hibQuery.list();</programlisting>
    </example>

    <para>A fully working example can be found in the source code, in the
    testsuite. See
    <methodname>SpatialIndexingTest.testSpatialAnnotationOnClassLevel()</methodname>
    and in the <classname>Hotel</classname> class.</para>

    <para>As an alternative to passing separate values for latitude and longitude
    values, you can also pass an object implementing the <classname>Coordinates</classname>
    interface:</para>

    <example>
      <title>DSL example with Coordinates</title>

      <programlisting language="JAVA" role="JAVA">Coordinates coordinates = Point.fromDegrees(24d, 31.5d);
   Query query = builder
      .spatial()
         .onCoordinates( "location" )
         .within( 51, Unit.KM )
            .ofCoordinates( coordinates )
      .createQuery();

   List results = fullTextSession.createFullTextQuery( query, POI.class ).list();</programlisting>
    </example>

  <section id="spatial-queries-distance">
    <title>Returning distance to query point in the search results</title>

    <section id="spatial-distance-projection">
      <title>Returning distance to the center in the results</title>

      <para>To get the distance to the center of the search returned with the
      results you just need to project it:</para>

      <example>
        <title>Distance projection example</title>

        <programlisting language="JAVA" role="JAVA">double centerLatitude = 24.0d;
double centerLongitude= 32.0d;

QueryBuilder builder = fullTextSession.getSearchFactory()
  .buildQueryBuilder().forEntity(POI.class).get();
org.apache.lucene.search.Query luceneQuery = builder.spatial()
      .onCoordinates("location")
      .within(100, Unit.KM)
      .ofLatitude(centerLatitude)
      .andLongitude(centerLongitude)
   .createQuery();

FullTextQuery hibQuery = fullTextSession.createFullTextQuery(luceneQuery, POI.class);
hibQuery.setProjection(FullTextQuery.SPATIAL_DISTANCE, FullTextQuery.THIS);
hibQuery.setSpatialParameters(centerLatitude, centerLongitude, "location");
List results = hibQuery.list();</programlisting>
      </example>

      <itemizedlist>
        <listitem>
          <para>Use
          <classname>FullTextQuery</classname>.<literal>setProjection</literal>
          with FullTextQuery.SPATIAL_DISTANCE as one of the projected
          fields.</para>
        </listitem>

        <listitem>
          <para>Call
          <classname>FullTextQuery</classname>.<literal>setSpatialParameters</literal>
          with the latitude, longitude and the name of the spatial field used
          to build the spatial query. Note that using coordinates different thans
          the center used for the query will have unexpected results.</para>
        </listitem>
      </itemizedlist>

      <note><title>Distance projection and null values</title>
      <para>Using distance projection on non @Spatial enabled entities and/or
      with a non spatial Query will have unexpected results as entities not
      spatially indexed and/or having null values for latitude or longitude
      will be considered to be at (0,0)/(lat,0)/(0,long).</para>

      <para>Using distance projection with a spatial query on spatially
      indexed entities having, eventually, <literal>null</literal> values for
      latitude and/or longitude is safe as they will not be found by the
      spatial query and won't have distance calculated.</para></note>
    </section>

    <section id="spatial-distance-sort">
      <title>Sorting by distance</title>

      <para>To sort the results by distance to the center of the search you
      will have to build a Sort object using a
      <classname>DistanceSortField</classname>:</para>

      <example>
        <title>Distance sort example</title>

        <programlisting language="JAVA" role="JAVA">double centerLatitude = 24.0d;
double centerLongitude = 32.0d;

QueryBuilder builder = fullTextSession.getSearchFactory()
   .buildQueryBuilder().forEntity( POI.class ).get();
org.apache.lucene.search.Query luceneQuery = builder.spatial()
      .onCoordinates("location")
      .within(100, Unit.KM)
      .ofLatitude(centerLatitude)
      .andLongitude(centerLongitude)
   .createQuery();

FullTextQuery hibQuery = fullTextSession.createFullTextQuery(luceneQuery, POI.class);
Sort distanceSort = new Sort(
	new DistanceSortField(centerLatitude, centerLongitude, "location"));
hibQuery.setSort(distanceSort);</programlisting>
      </example>

      <para>The <classname>DistanceSortField</classname> must be constructed
      using the same coordinates on the same spatial field used to build the
      spatial query otherwise the sorting will occur with another center than
      the query. This repetition is needed to allow you to define Queries with
      any tool.</para>

    <note><title>Sorting and null values</title>
      <para>Using distance sort on non @Spatial enabled entities and/or with a
      non spatial Query will have also unexpected results as entities non
      spatially indexed and/or with null values for latitude or longitude will
      be considered to be at (0,0)/(lat,0)/(0,long)</para>

      <para>Using distance sort with a spatial query on spatially indexed
      entities having, potentially, <literal>null</literal> values for latitude
      and/or longitude is safe as they will not be found by the spatial query
      and so won't be sorted</para></note>
    </section>
  </section>
  </section>

  <section id="spatial-multiplecoordinates">
    <title>Multiple Coordinate pairs</title>
    <para>You can associate multiple pairs of coordinates to the same entity,
    as long as each pair is uniquelly identified by using a different name. This is achieved
    by stacking multiple <literal>@</literal><classname>Spatial</classname>
    annotations in a <literal>@</literal><classname>Spatials</classname> annotation,
    and specifying the <literal>name</literal> attribute on the
    <literal>@</literal><classname>Spatial</classname> annotation.</para>

<example>
      <title>Multiple sets of coordinates</title>
      <programlisting language="JAVA" role="JAVA">import org.hibernate.search.annotations.*;

@Spatials({
  @Spatial,
  @Spatial(name="work",  spatialMode = SpatialMode.GRID)
})
@Entity
@Indexed
public class UserEx {

  @Id
  Integer id;

  @Latitude
  Double homeLatitude;

  @Longitude
  Double homeLongitude;

  @Latitude(of="work")
  Double workLatitude;

  @Longitude(of="work")
  Double workLongitude;
</programlisting>
    </example>

  <para>In the example <xref linkend="spatial-example-firstquery"/> we used
  <literal>onDefaultCoordinates()</literal> which points to the coordinates
  defined by a <literal>@</literal><classname>Spatial</classname> annotation
  whose <literal>name</literal> attribute was not specified.</para>

  <para>To target an alternative pair of coordinates at query time, we need
  to specify the pair by name using <methodname>onCoordinates</methodname>
  <literal>(String)</literal> instead of
  <methodname>onDefaultCoordinates()</methodname>:</para>

  <example>
    <title>Querying on non-default coordinate set</title>

<programlisting language="JAVA" role="JAVA">QueryBuilder builder = fullTextSession.getSearchFactory()
  .buildQueryBuilder().forEntity( UserEx.class ).get();

org.apache.lucene.search.Query luceneQuery = builder.spatial()
  .onCoordinates( "work" )
  .within( radius, Unit.KM )
  .ofLatitude( centerLatitude )
  .andLongitude( centerLongitude )
  .createQuery();

org.hibernate.Query hibQuery = fullTextSession.createFullTextQuery( luceneQuery,
   Hotel.class );
List results = hibQuery.list();</programlisting>
    </example>
  </section>

  <section id="spatial-behind-curtain">
    <title>Insight: implementation details of Quad Tree indexing</title>

    <para>The present chapter is meant to provide a technical insight in
    quad-tree (grid) indexing: how coordinates are mapped to the index and
    how queries are implemented.</para>

    <section>
      <title>At indexing level</title>

      <para>When Hibernate Search indexes the entity annotated with @Spatial,
      it instantiates a SpatialFieldBridge to transform the latitude and
      longitude fields accessed via the Coordinates interface to the multiple
      index fields stored in the Lucene index.</para>

      <para>Principle of the spatial index: the spatial index used in
      Hibernate Search is a QuadTree (<ulink
      url="http://en.wikipedia.org/wiki/Quadtree">http://en.wikipedia.org/wiki/Quadtree</ulink>).</para>

      <para>To make computation in a flat coordinates system the latitude and
      longitude field values will be projected with a sinusoidal projection
      (<ulink url="http://en.wikipedia.org/wiki/Sinusoidal_projection">
      http://en.wikipedia.org/wiki/Sinusoidal_projection</ulink>). Origin
      values space is :</para>

      <para>[-90 -&gt; +90],]-180 -&gt; 180]</para>

      <para>for latitude,longitude coordinates and projected space is:</para>

      <para>]-pi -&gt; +pi],[-pi/2 -&gt; +pi/2]</para>

      <para>for cartesian x,y coordinates (beware of fields order inversion: x
      is longitude and y is latitude).</para>

      <para>The index is divided into n levels labeled from 0 to n-1.</para>

      <para>At the level 0 the projected space is the whole Earth. At the
      level 1 the projected space is devided into 4 rectangles (called boxes
      as in bounding box):</para>

      <para>[-pi,-pi/2]-&gt;[0,0], [-pi,0]-&gt;[0,+pi/2],
      [0,-pi/2]-&gt;[+pi,0] and [0,0]-&gt;[+pi,+pi/2]</para>

      <para>At level n+1 each box of level n is divided into 4 new boxes and
      so on. The numbers of boxes at a given level is 4^n.</para>

      <para>Each box is given an id, in this format: [Box index on the X
      axis]|[Box index on the Y axis] To calculate the index of a box on an
      axis we divide the axis range in 2^n slots and find the slot the box
      belongs to. At the n level the indexes on an axis are from -(2^n)/2 to
      (2^n)/2. For instance, the 5th level has 4^5 = 1024 boxes with 32
      indexes on each axis (32x32 is 1024) and the box of Id "0|8" is covering
      the [0,8/32*pi/2]-&gt;[1/32*pi,9/32*pi/2] rectangle is projected
      space.</para>

      <para>Beware! The boxes are rectangles in projected space but the
      related area on Earth is not a rectangle!</para>

      <para>Now that we have all these boxes at all these levels will be
      indexing points "into" them.</para>

      <para>For a point (lat,long) we calculate its projection (x,y) and then
      we calculate for each level of the spatial index, the ids of the boxes
      it belongs to.</para>

      <para>At each level the point is in one and only one box. For points on
      the edges the box are considered exclusive n the left side and inclusive
      on the right i-e ]start,end] (the points are normalized before
      projection to [-90,+90],]-180,+180]).</para>

      <para>We store in the Lucene document corresponding to the entity to
      index one field for each level of the quad tree. The field is named: [spatial
      index fields name]_HSSI_[n]. [spatial index fields name] is given either
      by the parameter at class level annotation or derived from the name of
      the spatial annoted method of he entitiy, HSSI stands for Hibernate
      Search Spatial Index and n is the level of the quad tree.</para>

      <para>We also store the latitude and longitude as a Numeric field under
      [spatial index fields name]_HSSI_Latitude and [spatial index fields
      name]_HSSI_Longitude fields. They will be used to filter precisely
      results by distance in the second stage of the search.</para>
    </section>

    <section>
      <title>At search level</title>

      <para>Now that we have all these fields, what are they used for?</para>

      <para>When you ask for a spatial search by providing a search discus
      (center+radius) we will calculate the boxes ids that do cover the search
      discus in the projected space, fetch all the documents that belong to
      these boxes (thus narrowing the number of documents for which we will
      have to calculate distance to the center) and then filter this subset
      with a real distance calculation. This is called two level spatial
      filtering.</para>

      <section>
        <title>Step 1: compute the best quad tree level for the search
        discus</title>

        <para>For a given search radius there is an optimal quad tree level where
        the number of boxes to retrieve hall be minimal without bringing back
        to many documents (level 0 has only 1 box but retrieve all documents).
        The optimal quad tree level is the maximum level where the width of each box
        is larger than the search area. Near the equator line where
        projection deformation is minimal, this will lead to the retrieval of
        at most 4 boxes. Towards the poles where the deformation is more
        significant, it might need to examine more boxes but as the sinusoidal projection
        has a simple Tissot's indicatrix (see
        http://en.wikipedia.org/wiki/Sinusoidal_projection) in populated areas,
        the overhead is minimal.</para>
      </section>

      <section>
        <title>Step 2: compute ids of the corresponding covering boxes at that
        level</title>

        <para>Now that we have chosen the optimal level, we can compute the
        ids of the boxes covering the search discus (which is not a discus in
        projected space anymore).</para>

        <para>This is done by
        org.hibernate.search.spatial.impl.SpatialHelper.getQuadTreeCellsIds(Point
        center, double radius, int quadTreeLevel)</para>

        <para>It will calculate the bounding box of the search discus and then
        call
        org.hibernate.search.spatial.impl.SpatialHelper.getQuadTreeCellsIds(Point
        lowerLeft, Point upperRight, int quadTreeLevel) that will do the actual
        computation. If the bounding box crosses the meridian line it will cut
        the search in two and make two calls to <literal>getQuadTreeCellsIds(Point
        lowerLeft, Point upperRight, int quadTreeLevel)</literal> with left and
        right parts of the box.</para>

        <para>There are some geo related hacks (search radius too large,
        search radius crossing the poles) that are handled in bounding box
        computations done by Rectangle.fromBoundingCircle(Coordinates center, double
        radius) (see
        http://janmatuschek.de/LatitudeLongitudeBoundingCoordinates for
        reference on those subjects).</para>

        <para>The SpatialHelper.getQuadTreeCellsIds(Point lowerLeft, Point
        upperRight, int quadTreeLevel) project the defining points of the bounding
        box and compute the boxes they belong to. It returns all the box Ids
        between the lower left to the upper right corners, thus covering the
        area.</para>
      </section>

      <section>
        <title>Step 3: Lucene index lookup</title>

        <para>The Query is build with theses Ids to lookup for documents
        having a [spatial index fields name]_HSSI_[n] (n the level found at
        Step 1) field valued with one of the ids of Step 2.</para>

        <para>See also the implementation of <classname>org.hibernate.search.spatial.impl.QuadTreeFilter
        </classname>.</para>

        <para>This Query will return all documents in the boxes covering the
        projected bounding box of the search discus. So it is too large and
        needs refining. But we have narrowed the distance calculation problems
        to a subet of our datas.</para>
      </section>

      <section>
        <title>Step 4: refine</title>

        <para>A distance calculation filter is set after the Lucene index
        lookup query of Step 3 to exclude false candidates from the result
        list.</para>

        <para>See SpatialQueryBuilderFromCoordinates.buildSpatialQuery(Coordinates center,
        double radius, String fieldName)</para>
      </section>
    </section>
  </section>
</chapter>
